HR,O2Sat,Temp,SBP,DBP,Resp,WBC,BUN,Creatinine,Glucose,Lactate,pH
72,96,36.8,128,78,14,7.2,18,0.9,105,1.5,7.40
102,88,38.5,85,52,24,15.2,28,1.8,220,3.2,7.28
75,95,37.1,130,79,15,7.5,19,0.95,108,1.6,7.38
115,86,39.1,78,48,26,18.5,32,2.1,245,4.1,7.22
68,97,36.9,132,80,13,6.8,16,0.85,102,1.3,7.42
98,87,38.2,82,50,25,16.1,29,1.9,215,3.5,7.25
70,98,37.0,135,82,12,6.9,15,0.88,100,1.2,7.43
125,84,39.5,72,44,28,20.3,35,2.4,270,4.8,7.18
73,96,36.7,129,77,14,7.1,17,0.92,104,1.4,7.41
108,89,38.8,88,54,23,14.9,26,1.7,198,2.9,7.31
69,97,37.2,133,81,13,7.3,18,0.90,106,1.5,7.39
120,85,39.2,75,46,27,19.1,31,2.0,238,4.3,7.20
74,95,36.8,131,79,15,7.0,16,0.87,103,1.3,7.42
105,88,38.1,84,51,24,15.8,27,1.8,210,3.1,7.29
71,98,37.1,134,80,12,6.7,14,0.85,101,1.2,7.44
112,86,38.9,80,49,25,17.2,30,1.95,230,3.8,7.24
76,96,37.0,128,78,14,7.6,19,0.98,109,1.7,7.37
118,84,39.3,73,43,27,21.1,34,2.3,260,4.6,7.19
72,97,36.9,130,79,13,7.2,17,0.91,105,1.4,7.40
103,87,38.4,86,53,23,15.5,28,1.8,205,3.0,7.30
